text,date,likes,comments,reposts,url
Course live now. $4999 for the next 24 hours. Check out cluely.university,20h,473,55,0,https://www.linkedin.com/in/roy-lee-goat?miniProfileUrn=urn%3Ali%3Afsd_profile%3AACoAAFdZSTQB7UqPnQv0aRN1T6Rg0w2FIav1FYo
Cluely billboards are now live in times square for the next 4 weeks. welcome back to school everyone! comment `handsome` and i'll dm u exactly how much this costs + who our billboard guy was,2w,3017,474,0,https://www.linkedin.com/in/roy-lee-goat?miniProfileUrn=urn%3Ali%3Afsd_profile%3AACoAAFdZSTQB7UqPnQv0aRN1T6Rg0w2FIav1FYo
"Just spent $100,000 on the new Cluely landing page. If you want to truly capture consumers, your design must be generationally good. I cannot think of a single legendary consumer app that did not redefine the landscape of UI/UX. Cluely will be next. Check it out for yourself: www.cluely.com",2w,1236,147,0,https://www.linkedin.com/in/roy-lee-goat?miniProfileUrn=urn%3Ali%3Afsd_profile%3AACoAAFdZSTQB7UqPnQv0aRN1T6Rg0w2FIav1FYo
"A 10-second clip of a girl on a virtual date got us over 6M views for Cluely. Here‚Äôs why it went viral (and how to make a viral UGC video): 1) It follows a viral hook format Every week, we have hundreds of UGC creators testing different viral formats and seeing what will go viral. As SOON as we spot a hook that works, we double-down and have our entire team of creators start making similar videos. This viral hook came after we noticed that brainrot videos of dating scenarios was working. 2) The video is actually funny Content has to either be extremely entertaining, relatable, or educational to go viral. This is not educational in the slightest but is very relatable and funny. Everyone has been on a horrible first date, and in no world is a video of a performative male trying to flex his minimum-wage McDonalds job not going to be entertaining. 3) It‚Äôs maximized for engagement This video has a MILLION different talking points for people to engage with. Beyond the actual interaction, we have on-screen Snapchat text, sped-up audio, and a caption designed to get viewers to comment. These small talking points ADD UP, and each contributes to its virality. This format is endlessly repeatable for UGC: Take the most absurd situation you think will go viral ‚Üí tie in your product somewhere along the way. You can always make your content more converting. But it is very hard to make content more viral. Get something to a million views and worry about conversions later. video link: https://lnkd.in/gHUwDTtQ try Cluely free now: https://cluely.com/",3w,360,17,0,https://www.linkedin.com/in/roy-lee-goat?miniProfileUrn=urn%3Ali%3Afsd_profile%3AACoAAFdZSTQB7UqPnQv0aRN1T6Rg0w2FIav1FYo
"I genuinely just killed Leetcode. You've probably heard already, but Meta just announced they‚Äôre going to let candidates use AI in technical interviews. This is likely a direct result from this past year when I built Interview Coder ( the very first version of Cluely ), an invisible AI tool that let you pass Leetcode interviews using AI. I used it to get a bunch of tech offers, got ~200 million views online, got kicked out of school, and grew it to millions of dollars in revenue. Every day as this was happening, I would get anonymous DM's (and job offers) from some of the craziest names in tech. > Staff engineers at the biggest companies telling me that engineering leadership was seriously discussing me and the future of hiring. > Researchers at some of the biggest labs in the world telling me they were quiet supporters. > Senior engineers at so many random companies + startups asking if I wanted a job. There was honestly at least one staff level engineer from every single FAANG company who privately DM'ed me telling me I was changing the industry. It's an insanely vindicating feeling knowing that the dominoes are officially starting to fall for the death of Leetcode and quite surreal to think that, despite half the internet calling me low integrity and claiming I'd never change anything, I was responsible for an industry-wide shift. You can really do anything you want if you take risks and swing big. > Article: https://lnkd.in/gSsKFcrV > Interview Coder still live and STILL undetectable btw (will work until remote Leetcode interviews are truly truly dead): www.interviewcoder.com",3w,2525,116,0,https://www.linkedin.com/in/roy-lee-goat?miniProfileUrn=urn%3Ali%3Afsd_profile%3AACoAAFdZSTQB7UqPnQv0aRN1T6Rg0w2FIav1FYo
"six months ago, I ran this experiment unsuccessfully i'm hiring young, brainrotted high schoolers to make AI-generated content for Cluely if you're looking for something interesting + career-changing to do for the next month before school starts, please let me know comp will be paid per video, but you can expect to be paid extremely well the application is to find my email and send me the funniest ai generated video you can make this instagram account is the bar for what i find funny https://lnkd.in/gqwhjm8W",3w,278,36,0,https://www.linkedin.com/in/roy-lee-goat?miniProfileUrn=urn%3Ali%3Afsd_profile%3AACoAAFdZSTQB7UqPnQv0aRN1T6Rg0w2FIav1FYo
"Launching Cluely gave me the WORST impostor syndrome of my life. 3 months ago, I woke up every day wondering when Cluely would burn down and collapse. I felt a shit ton of pressure that I couldn‚Äôt achieve what I set out to do. If I could tell myself one thing during that time, it would be this: The ONLY thing that matters is that you keep going. When you take massive risks and bet on yourself (which is necessary to build anything meaningful), this feeling is inevitable. It feels like the whole world is collapsing on you every day, but it‚Äôs just your brain adjusting to a massive amount of change in your environment. If you decide to push through this feeling, things WILL start to click. Unfortunately, most people give up during this time and let this fear of failure block them from ever finding the momentum to make it work. This is self-sabotage and the biggest mistake you can make. Even now, while the fear is still there (it probably always will be), things become a little more stable every day. Impostor syndrome is all mental. Here's the first 5 members of the Cluely team, out for dinner.",3w,1467,72,0,https://www.linkedin.com/in/roy-lee-goat?miniProfileUrn=urn%3Ali%3Afsd_profile%3AACoAAFdZSTQB7UqPnQv0aRN1T6Rg0w2FIav1FYo
"Cluely now offers $500 cash referrals for dates. Here's the memo I sent out today: `@everyone¬†NEW COMPANY-WIDE POLICY: If any employee refers a date for any other employee (that they are happy with), the referring employee will receive a one-time cash bonus of $500. This is infinitely stackable. ie if Ben refers a date to Neel whom Neel is happy with, and then subsequently refers a date to Brandon, whom Brandon is happy with, Ben would receive $500 + $500 = $1,000` Please message me directly if you find any members of the Cluely team attractive. Dating is, and will always be, an important part of our culture until we are all happily married.",3w,1391,115,0,https://www.linkedin.com/in/roy-lee-goat?miniProfileUrn=urn%3Ali%3Afsd_profile%3AACoAAFdZSTQB7UqPnQv0aRN1T6Rg0w2FIav1FYo
"If you‚Äôre uniquely good at ANYTHING, you can make millions $$$ right now. Here‚Äôs why: The internet has completely flipped what's valuable. The 16-year-old who shitposts and edits brainrot TikToks is now more valuable to a startup than a McKinsey consultant with 2 MBAs who‚Äôs never posted in their life. I‚Äôve experienced it firsthand. This is what I believe I‚Äôm GENUINELY world-class at: 1. Engagement baiting on X 2. Handling online hate Two years ago, neither of these would‚Äôve been considered valuable OR relevant for building a startup. These skills are now the meta for solving distribution at a startup. Thanks to the world being so different, your `superpower` that lets you get rich might be very very unique. You could be world-class at > Figuring out how to make a really funny Minecraft parkour Reddit story video > Making really funny reaction content to brainrot > Controversial street interviews Two years ago, these ‚Äúskills‚Äù were just seen as being totally useless for society. Today, these people are PRINTING money for startups and running growth teams. The truth is that the idea space of what your ‚Äúsuperpower‚Äù could be is WAY larger than you think. You just have to reframe the thinking that your weird talents aren‚Äôt worth anything. If you're exceptionally good at anything in present society, there's probably someone out there who would pay millions of dollars for that skill. Your job isn't to find a `normal` superpower. It's to find YOUR weird one and double down 1000x harder than anyone else would. P.S. If you do think you are exceptional, we will pay you top of market to work for us. Apply at https://cluely.com/careers",4w,498,43,0,https://www.linkedin.com/in/roy-lee-goat?miniProfileUrn=urn%3Ali%3Afsd_profile%3AACoAAFdZSTQB7UqPnQv0aRN1T6Rg0w2FIav1FYo
"psa to the few people in tech: THIS IS A TINY BUBBLE NORMIES DON'T KNOW WHAT CLAUDE IS AND HALF HAVE NOT TRIED CHATGPT TRY TO GET BILLIONS OF VIEWS, NOT MILLIONS SINCE 2022; CULTURE SPREADS THROUGH SHORT FORM. NOTHING ELSE A VIRAL X/LINKEDIN LAUNCH GETS 1 MIL VIEWS ONE TIME AND DIES THERE ARE EXTREME POWER LAWS IN ATTENTION LIKE NEVER BEFORE ENOUGH ATTENTION WILL MAKE U THE PRESIDENT OF USA EVERY AWARENESS EXPERIMENT SHOULD BE POTENTIALLY CAPABLE OF 1 BILLION VIEWS LOOK FOR POWER LAW OUTCOMES IN ATTENTION",2w,977,80,0,https://www.linkedin.com/in/roy-lee-goat?miniProfileUrn=urn%3Ali%3Afsd_profile%3AACoAAFdZSTQB7UqPnQv0aRN1T6Rg0w2FIav1FYo
"Cluely now offers $500 cash referrals for dates. Here's the memo I sent out today: `@everyone¬†NEW COMPANY-WIDE POLICY: If any employee refers a date for any other employee (that they are happy with), the referring employee will receive a one-time cash bonus of $500. This is infinitely stackable. ie if Ben refers a date to Neel whom Neel is happy with, and then subsequently refers a date to Brandon, whom Brandon is happy with, Ben would receive $500 + $500 = $1,000` Please message me directly if you find any members of the Cluely team attractive. Dating is, and will always be, an important part of our culture until we are all happily married.",4w,1391,115,0,https://www.linkedin.com/in/roy-lee-goat?miniProfileUrn=urn%3Ali%3Afsd_profile%3AACoAAFdZSTQB7UqPnQv0aRN1T6Rg0w2FIav1FYo
"People put limitations on themselves WAY too early. In the past 6 months, I've learned more than at any other point in my life and destroyed the myth that certain skills are ‚Äúunlearnable‚Äù. Prior to Cluely , I had never launched a successful startup. I had ZERO idea how to: > build enterprise-grade software > hire world-class talent > raise millions of dollars > go viral on social media I had 1,000 followers and failed at 3 previous startups. What I realized over time is that most of the things people say are `genetic` or `impossible to learn` are actually just really really HARD. Most people try something for 2 weeks, don't see immediate results, and quit while thinking they don‚Äôt have the talent for it. The difference between successful people and everyone else isn't genetic; it's the ability to wake up, be a LION, and work hard. If you're relatively smart and willing to work extremely hard, you can brute force your way to becoming skilled at nearly anything. There's a lion in everyone bro.",4w,886,83,0,https://www.linkedin.com/in/roy-lee-goat?miniProfileUrn=urn%3Ali%3Afsd_profile%3AACoAAFdZSTQB7UqPnQv0aRN1T6Rg0w2FIav1FYo
"You can have pretty much everything you want in life, as long as you 1) take risks and ignore what society tells you 2) work hard You want to be tall, jacked, and handsome? OK BET, get limb-lengthening surgery, take steroids, and get plastic surgery from a good surgeon. You might look at that and be disgusted, but really sit down and question why that disgusts you. Do you REALLY find it reprehensible to get cheek filler? Is that really much worse than being obese (normalized), playing video games 12 hours a day (normalized), or vaping (normalized)? Or is it just that society has told you these things are worse and you accept it as true? Many many people thought I was a weirdo at Columbia for constantly talking about wanting to build a startup. I've fully lost count of the number of times I've been called arrogant, narcissistic, cocky, delusional, etc. They're probably still calling me that on Sidechat. If I listened to the advice of these people, I'd be working today towards a life I did not want and would honestly be a loser. I'd have swallowed up my dreams, killed my ambition, and awkwardly agreed with everyone else: `haha yeah I was just joking! please accept me again! I'm a spineless loser who can't think for himself and be vocal about his thoughts and opinions!` So corny. If you can ignore the opinions of others, take big risks, and know EXACTLY what you're looking for, you can get everything you want in life. Know what you're looking for, and every once in a while, pause and reflect on whether you're actually working towards what you want. Everything you have ever dreamed of is one risky year away from who you are today. Yeah, I don't really know what this post is about. Cluely feeds you useful information live in meetings by the way. www.cluely.com PS here's a picture of TWO Chanel bags I bought my mom with my first bit of internet money.",1m,1041,80,0,https://www.linkedin.com/in/roy-lee-goat?miniProfileUrn=urn%3Ali%3Afsd_profile%3AACoAAFdZSTQB7UqPnQv0aRN1T6Rg0w2FIav1FYo
"Introducing web search in meetings with Cluely It feels like you‚Äôre predicting the future during meetings. Cluely predicts the info you want and gives you what you need, live, without asking. It listens in, understands the context, and surfaces useful info right when you need it, and can now predict when you'd need to search the web. When you meet people: >‚ÄúI spent the last 4 years working at Astronomer‚Äù ‚Üí Web search: Astronomer When someone lies to you: >‚ÄúSales tax is 14% this year in Georgia‚Äù ‚Üí Web search: GA sales tax 2025 Check it out: www.cluely.com",1m,920,71,0,https://www.linkedin.com/in/roy-lee-goat?miniProfileUrn=urn%3Ali%3Afsd_profile%3AACoAAFdZSTQB7UqPnQv0aRN1T6Rg0w2FIav1FYo
my high school dropout intern is tough,1m,178,14,0,https://www.linkedin.com/in/roy-lee-goat?miniProfileUrn=urn%3Ali%3Afsd_profile%3AACoAAFdZSTQB7UqPnQv0aRN1T6Rg0w2FIav1FYo
"A startup truth I disagree with is that you shouldn't pay high cash comp. Cluely pays $250‚Äì350K base for designers and $300K‚Äì$1M base for engineers, and I'm certain this will be the new normal. Traditionally, the idea was to pay everyone below market, give them a tiny bit more equity, sell them on the `mission`, and hope they stick around. Here's why everyone is wrong (except me and Zuck): 1) You don‚Äôt need 100 people anymore. You need a few killers who move insanely fast. If you hire right and prioritize well, you can hit $10M ARR in under six months with under 20 people. 2) `Believe in the mission‚Äù is ALWAYS cope. You're 7 pivots deep into your `mission,` and I'm highly skeptical of every company mission. > Zuckerberg didn't dream of Meta -- he was a nerdy engineer who found something that worked and doubled down infinitely. > Larry and Sergey didn't dream of Google -- they found an interesting algorithm and doubled down infinitely > Early Airbnb employees were not putting their lives on the line to find better transportation accommodations for people at conferences. People never ever stay for the `mission,` but they MIGHT stay for the culture‚Üì 3) The only truly sticky part of an early stage startup for employees is how unique the culture and team is. There are many people who hate on Cluely , but one thing anyone will agree on is that if you ARE looking for a place like Cluely, you will not be able to find it anywhere else in the world. We work 12 hours a day, sponsor free Hinge premium, expense ALL dates, have a house full of influencers, and film content every single day. 4) You need risk/reward calculations to make sense if you expect 110% commitment. If the company goes well, founders will make 10-100x what the founding engineers make. You can't always bump upside; there's only so much equity in the company. But you CAN remove downside. And if you want everyone in the company to work as hard as you, you should. 5) There are very few winners in the startup space, and without exception, winning companies are built by the best people. If you want to win, you must be elite at everything. Including comp. Finally, most startup advice is garbage and you shouldn't listen to it (including this). What worked for anyone might not work for you, and spending 4 hours a day watching YC podcasts or re-reading Zero to One isn't going to help you. Everyone is wrong except you. Take big risks Work hard",1m,3121,180,0,https://www.linkedin.com/in/roy-lee-goat?miniProfileUrn=urn%3Ali%3Afsd_profile%3AACoAAFdZSTQB7UqPnQv0aRN1T6Rg0w2FIav1FYo
"If you don‚Äôt understand power laws, you will never build a successful startup. Here‚Äôs what I mean: In startups (and life), power laws dominate everything‚Äî the top 1% of actions create 99% of outcomes. These actions are so important that if you haven‚Äôt found them yet, your only job should be to find them. If you have, your only job is to double down. But most founders don‚Äôt do this. They get stuck chasing incremental, 10-20% improvements in random areas‚Ä¶ and never find the things that actually meaningfully grow their company. When building Cluely , we ignored these small improvements and hunted exclusively for massive, needle-moving wins. This allowed us to focus our attention on finding the few bets that mattered most, and it‚Äôs paid off significantly: - 1% of our product ideas drove 99% of retention - 1% of our UGC creators generated 99% of views - 1% of our viral moments earned 99% of consumer mindshare Looking back, this is arguably the most important concept I‚Äôve learned from building startups, and I look for it everywhere now. Every single experiment we conduct, I think about whether it has the potential to yield power law outcomes if proven correct. Will throwing a $1.5 million rave potentially yield power law outcomes in midnshare? Maybe. Will hiring a single world-class designer for $300k base salary result in potential power law outcomes in conversion? Perhaps. If you‚Äôre stuck optimizing things that won‚Äôt fundamentally move your company forward, stop. You don't need better optimization. You need a few massive wins. When something works, it'll be really obvious.",1m,624,73,0,https://www.linkedin.com/in/roy-lee-goat?miniProfileUrn=urn%3Ali%3Afsd_profile%3AACoAAFdZSTQB7UqPnQv0aRN1T6Rg0w2FIav1FYo
"I'm tripling the salary for founding designers Cluely . 250-350k cash + equity to be really good at Figma. I've removed every field in the job application except link to your portfolio and will review every application by hand. I only care about how good your work is. I do not care about school, experience, age, citizenship status, etc. Please be world-class. www.cluely.com/careers",1m,1755,175,0,https://www.linkedin.com/in/roy-lee-goat?miniProfileUrn=urn%3Ali%3Afsd_profile%3AACoAAFdZSTQB7UqPnQv0aRN1T6Rg0w2FIav1FYo
"6 months ago, I was NOT tuff. I had tried and failed at 3 different startups, was making no money, had ZERO (0) girls in my DM's, got rejected from the ASIAN frat because they thought I was weird, and the ratio at my birthday party was 1:4 (not tuff). I was stuck in this weird loop where I believed I would become successful, but had pretty much zero proof to show for it. Today, Cluely has raised over $20M backed by some of the biggest investors in the world, and has a genuine shot at being one of the fastest growing startups in the world. The past few months have FULLY changed my life, and it‚Äôs all happened incredibly quickly. Looking back, I think it‚Äôs a huge testament to one simple belief that I‚Äôve developed: If you take big risks and work hard, the world will reward you. When you're unsuccessful, it can feel like success is impossibly far away. But the truth is, it can be a lot closer than you think. The successful people you see aren't actually as special as you think (me included). We just chose to make the risky decisions and commit fully - something that 99.999% of people don't do. If you're at a point where you're unsure whether to go all in or play it safe, bet on yourself and just keep going. Your entire life can change in a few months. Every day I wake up more and more convinced that regular people are capable of more than you think.",1m,2021,103,0,https://www.linkedin.com/in/roy-lee-goat?miniProfileUrn=urn%3Ali%3Afsd_profile%3AACoAAFdZSTQB7UqPnQv0aRN1T6Rg0w2FIav1FYo
"introducing Cluely for customer support. your support reps now know more about your company than you. Cluely hooks into your entire company knowledge base, listens in on the call, and sees your screen to give reps live guidance. 0 onboarding for new support reps. 0 user flows to memorize. start a pilot today in 2 minutes: www.cluely.com/enterprise",1m,1130,69,0,https://www.linkedin.com/in/roy-lee-goat?miniProfileUrn=urn%3Ali%3Afsd_profile%3AACoAAFdZSTQB7UqPnQv0aRN1T6Rg0w2FIav1FYo
"Everyone wants to talk about unique company culture, but no one embodies it like Cluely . Your work should be so fun and fulfilling it overpowers your life. WE are tough and will be the fastest growing company to $100M ARR in history. PS we are looking for the best Applied AI engineers in the world + cross-platform mobile app devs. www.cluely.com/careers article -> https://lnkd.in/gsA45dh6",1m,474,25,0,https://www.linkedin.com/in/roy-lee-goat?miniProfileUrn=urn%3Ali%3Afsd_profile%3AACoAAFdZSTQB7UqPnQv0aRN1T6Rg0w2FIav1FYo
"Customer support just changed forever. For the longest time, I hated customer support calls. As a consumer, I wasted dozens of hours talking to reps who either didn‚Äôt know what they were doing‚Äîor didn‚Äôt have the product knowledge to actually help. Even on our own team, we struggled to outsource support because of how much training it required. While customer support can be useful (if done properly), it often ends up being a massive time-sink‚Äîwith customers forced to wait while their issue gets escalated to someone who can actually help. Luckily, Cluely solves this. When you enable our AI desktop assistant, every customer support rep gets instant, perfect recall of your company‚Äôs entire knowledge base. They can resolve questions immediately without needing to escalate, delay, or transfer the customer to another department. This is the way customer support is meant to be done. Try it now: https://lnkd.in/g54SdMDd",1m,412,27,0,https://www.linkedin.com/in/roy-lee-goat?miniProfileUrn=urn%3Ali%3Afsd_profile%3AACoAAFdZSTQB7UqPnQv0aRN1T6Rg0w2FIav1FYo
"In the past week at Cluely , we kicked off a project that will change the course of AI. Here‚Äôs why: Every major AI model today shares the same two flaws: - They wait to be prompted instead of predicting the information you need. - They operate on very little context, usually restricted to text only. Instead, Cluely proactively surfaces the most useful prompts for you based on what you‚Äôre seeing, hearing, saying, and doing. And now, for the first time, we have the data to train models around this entirely new UX: a proactive AI instead of a reactive one. We're not building models to answer your questions. We're building  models that will predict which questions you have. If you‚Äôre a world-class engineer or researcher interested in building the next interface for human-computer interaction, let me know. We offer the most exciting company culture in the world. www.cluely.com/careers",1m,2000,98,0,https://www.linkedin.com/in/roy-lee-goat?miniProfileUrn=urn%3Ali%3Afsd_profile%3AACoAAFdZSTQB7UqPnQv0aRN1T6Rg0w2FIav1FYo
"One of my favorite aspects of Cluely is the product design. And yet‚Ä¶ we don‚Äôt have an in-house designer. This is because we use Cluely to help design itself. As an AI screen overlay, it gives real-time feedback, helps me understand design principles, and allows me to ask questions all from the same tab. As a team of non-designers, it‚Äôs how we‚Äôve been able to ship clean, user-friendly UX without any formal training. It‚Äôs like having a senior designer looking over your shoulder‚Ä¶ minus the meetings. üé® If you want to become a better designer, try Cluely: https://cluely.com/",1m,401,31,0,https://www.linkedin.com/in/roy-lee-goat?miniProfileUrn=urn%3Ali%3Afsd_profile%3AACoAAFdZSTQB7UqPnQv0aRN1T6Rg0w2FIav1FYo
"Sales is one of the ultimate use cases for Cluely . When we raised our $5.3M seed round, we pitched our product as an AI desktop assistant for sales. This was 100% intentional. We knew how critical sales is to a company‚Äôs survival‚Äìand how often deals fall apart because a sales rep doesn‚Äôt know how to respond. That‚Äôs why we built our product to hear your audio, see your screen, and provide real-time guidance when it matters most. During a sales call, Cluely: - walks you through customer discovery - answers technical questions - handles real-time objections - instantly generates follow-up emails. - keeps your gaze focused on the same part of the screen It‚Äôs the ultimate unfair advantage in sales. Access it now: https://lnkd.in/g54SdMDd",1m,422,40,0,https://www.linkedin.com/in/roy-lee-goat?miniProfileUrn=urn%3Ali%3Afsd_profile%3AACoAAFdZSTQB7UqPnQv0aRN1T6Rg0w2FIav1FYo
"Just finished up our Cluely mansion offsite and had a good ol' time bonding with each other ü§™ . If you're interested in making content for Cluely and are confident you can go viral, hit me up and you'll be treated like royalty üòÑ . hashtag # superpumped hashtag # mansion hashtag # offsite",1m,415,19,0,https://www.linkedin.com/in/roy-lee-goat?miniProfileUrn=urn%3Ali%3Afsd_profile%3AACoAAFdZSTQB7UqPnQv0aRN1T6Rg0w2FIav1FYo
"We recently solved our biggest product challenge at Cluely . For the past 3 weeks, our team has been building a feature no one else in the market offers: Real-time meeting notes. While every other AI note-taker gives you notes after the meeting, we‚Äôre the first to deliver them live, during the call. Because Cluely can see your screen and hear your audio, it: > takes live notes for you > comes up with questions to ask so you can seem engaged > answers every question > overlays on the meeting so your eyes don't wander This completely changes how AI can support you in meetings‚Äîand I‚Äôm super excited for people to finally try it. It‚Äôs like having a second brain that pays perfect attention and remembers everything. üëâ Use it now: https://www.cluely.com",1m,447,32,0,https://www.linkedin.com/in/roy-lee-goat?miniProfileUrn=urn%3Ali%3Afsd_profile%3AACoAAFdZSTQB7UqPnQv0aRN1T6Rg0w2FIav1FYo
"Being around ambitious people will change your life. Earlier this year, I hosted a 3-day hacker retreat with 15 of the most talented builders at Columbia: Hackshack ( www.cuhackshack.com ) The premise was simple: Who can make the most money in one weekend? When I organized this, I‚Äôd just launched Interview Coder (cheating tool for technical interviews) and had grown to a 5-figure MRR in 9 days. I hosted this event because I wanted to surround myself with hyper-ambitious people who‚Äôd push me to take my startup to the next level. Surprisingly, it only took a couple of days in that environment to realize I‚Äôd been thinking way too small. The breakthrough came when I realized Interview Coder's core technology (an on-screen, undetectable AI) had massive potential beyond technical interviews. That sparked the idea for Cluely , the most ambitious version of Interview Coder that aims to redefine how people interact with AI. It‚Äôs been two months since launch, and we‚Äôve already hit major revenue milestones ($6M ARR) and raised over $20M. If I hadn't deliberately created this high-intensity environment, none of this would have ever happened. Take this as a reminder: If you're ambitious, focus on surrounding yourself with other ambitious, high-agency people. The rest will figure itself out.",1m,978,36,0,https://www.linkedin.com/in/roy-lee-goat?miniProfileUrn=urn%3Ali%3Afsd_profile%3AACoAAFdZSTQB7UqPnQv0aRN1T6Rg0w2FIav1FYo
"PSA: Being ‚Äúprofessional‚Äù is killing your company. In the past 2 months, Cluely has grown to $6M in revenue by ditching the idea that you need to be professional. When we launched Interview Coder (initial version of Cluely), we leaned into the controversial nature of it and used it to funnel our growth. When I got kicked out of Columbia, I publicized everything and went viral. Since then, we‚Äôve spent millions on wild marketing stunts, hired some of the most unhinged influencers on the internet, and taken bigger risks than anyone else in our space. And that‚Äôs the whole point: If no one‚Äôs paying attention to your product, it might as well not exist. While most companies are busy being ‚Äúrespectable,‚Äù the ones that win are the ones willing to truly do different and authentic things. You‚Äôre already seeing the shift: ‚Üí Elon Musk tweeting whatever he wants ‚Üí Sperm Racing raising $1M+ and having a shot at becoming a real sport ‚Üí Engineers in sweatpants building billion-dollar companies People aren‚Äôt craving another corporate brand; they‚Äôre craving authentic people who do interesting things. No one in the world ever thought, `I wish this company was less interesting and the founder was less honest.` If you‚Äôre building a company today, stop worrying about your reputation ‚Äì and start focusing on getting attention. P.S. If you want to try the most ‚Äúcontroversial‚Äù AI product in the world, go here: https://cluely.com/",1m,1300,108,0,https://www.linkedin.com/in/roy-lee-goat?miniProfileUrn=urn%3Ali%3Afsd_profile%3AACoAAFdZSTQB7UqPnQv0aRN1T6Rg0w2FIav1FYo
"Cluely 's interns make between $50/hour to $200/hour. Here‚Äôs why you should be paying your interns more money: In the past two months since launch, our interns have helped us scale to $6M ARR. They‚Äôve gotten millions of views on social media, managed a crazy marketing budget, and helped us solve some of our hardest technical challenges. This wasn't an accident. It's what happens when you: - Hire extremely talented people - Pay them what they're actually worth - Hold them to super high standards I've never understood founders who expect 12-hour days and exceptional results from interns while paying them minimum wage. If you're underpaying high-performing interns, you're actively sabotaging your company's potential ‚Äì and not saving your company much money. People work harder when they‚Äôre paid what they‚Äôre worth. P.S. We're hiring interns who want to be part of something insane. If you're ready to perform at the highest level, apply here: https://cluely.com/careers",1m,2027,77,0,https://www.linkedin.com/in/roy-lee-goat?miniProfileUrn=urn%3Ali%3Afsd_profile%3AACoAAFdZSTQB7UqPnQv0aRN1T6Rg0w2FIav1FYo
"Cluely (almost) got sued‚Ä¶ After getting kicked out of Columbia and building an AI ‚Äúcheating‚Äù tool, we‚Äôve been in multiple situations where we could've had lawsuits thrown at us. Despite this, we've broken $6M ARR and are growing faster than ever. Looking back, this was mainly possible because of one person: Our lawyer. Kevin Cergol-Plotkin makes up the entire legal team at Cluely, and he‚Äôs gotten us out of ~5 insane lawsuits in the past 2 months. He‚Äôs hands-down the best lawyer I‚Äôve ever worked with (or seen) and is extremely diligent with his work. If you‚Äôre trying to build a startup and need legal help, I couldn‚Äôt recommend anyone more. Take it from me: he will fight for your company like his life depends on it.",1m,1165,73,0,https://www.linkedin.com/in/roy-lee-goat?miniProfileUrn=urn%3Ali%3Afsd_profile%3AACoAAFdZSTQB7UqPnQv0aRN1T6Rg0w2FIav1FYo
"Introducing Cluely . Today marks the dawn of a world where you never have to think again. I‚Äôve been kicked out of Columbia, blacklisted by Amazon, and gained billions of impressions in the past few months. Every single person I knew told me I was ruining my life. But I swung big, turned my side project into a real company, and turned controversy into over $5M ARR in 2 months. Now, I‚Äôm swinging bigger than I‚Äôve ever done before. Cluely will transform the way humans use AI. Cluely lives in the background of your computer‚Äîreading your screen, eavesdropping on your calls, and surfacing the exact insights and questions you need before you even know you need them. No prompts. No delays. Pure, proactive superintelligence at your fingertips. The era of ‚Äúask and wait‚Äù is over. Proactive AI is here. P.S. Cluely isn‚Äôt in beta. It‚Äôs live and ready. Crash our site and see for yourself: https://cluely.com",2m,2311,129,0,https://www.linkedin.com/in/roy-lee-goat?miniProfileUrn=urn%3Ali%3Afsd_profile%3AACoAAFdZSTQB7UqPnQv0aRN1T6Rg0w2FIav1FYo
"Cluely gives every employee free HingeX (highest tier subscription). Every company would perform better if their employees weren‚Äôt single. When you‚Äôre single (and lonely), you simply can‚Äôt get work done efficiently. I speak from experience: The worst time of my life was when I got rescinded from Harvard and spent a year locked in my room, not speaking to anyone outside of my immediate family. I became super lonely and started losing my motivation to do anything meaningful. Having a partner would‚Äôve solved this. When your employees aren‚Äôt lonely, they‚Äôll work harder and be happier. And yes, we expense all dates on the corporate Brex card :) P.S If you want to join our team (and find a partner), apply here: https://cluely.com/careers",2m,1645,164,0,https://www.linkedin.com/in/roy-lee-goat?miniProfileUrn=urn%3Ali%3Afsd_profile%3AACoAAFdZSTQB7UqPnQv0aRN1T6Rg0w2FIav1FYo
"I‚Äôve gone to community college, had my Harvard admission revoked, and gotten kicked out of Columbia. Here‚Äôs why I think college is a joke: - Everyone ‚Äúcheats‚Äù When I was at Columbia, I used ChatGPT to cheat on pretty much every assignment ‚Äì and I wasn‚Äôt alone. I never met a single student who didn‚Äôt use AI to get through their classes. The information you get with a ‚Äúcollege education‚Äù is becoming increasingly irrelevant. - Admissions are a lottery I think it‚Äôs pretty clear that admissions promote diversity over true merit. The greatest example of this I‚Äôve seen is from Zach Yadegari (18 y.o. with a 4.0 GPA & $30M ARR business who got rejected by 15/18 top colleges). There are countless stories like his that show how meaningless a college acceptance really is. - Top talent can be found anywhere Elite schools love to brand themselves as the birthplace for people who change the world. The truth is, the most talented people I‚Äôve seen (and hired) didn‚Äôt come from prestigious universities ‚Äì one of our best engineers is a random furry I met in community college. Talented people can be found anywhere, and your school name shouldn‚Äôt dictate where you‚Äôre able to work or your potential for success. I‚Äôve said it before, and I‚Äôll say it again: You go to college to find a co-founder and a wife. That‚Äôs it. P.S. We‚Äôre hiring ‚Äì and we couldn‚Äôt care less about your college education. üëâ Apply here: https://cluely.com/careers",2m,911,58,0,https://www.linkedin.com/in/roy-lee-goat?miniProfileUrn=urn%3Ali%3Afsd_profile%3AACoAAFdZSTQB7UqPnQv0aRN1T6Rg0w2FIav1FYo
"So excited to announce the addition of our latest intern! He had a few stints at some smaller companies like Dropbox, Uber, Pinterest, and Yahoo, but I'm really excited to give Kevin the opportunity to pursue a more lucrative career with us!",2m,798,59,0,https://www.linkedin.com/in/roy-lee-goat?miniProfileUrn=urn%3Ali%3Afsd_profile%3AACoAAFdZSTQB7UqPnQv0aRN1T6Rg0w2FIav1FYo
"A year ago, I sent an email that changed the course of my life‚Ä¶ After getting rejected from Nucleus Genomics for a SWE internship, I cold-emailed the CEO and offered to work for free. He said yes. That summer changed everything. For the first time in my life, I saw people my age building things that I didn‚Äôt even know were possible. Before that, I assumed I‚Äôd just take the safe route and get a full-time job in tech. But doing that single internship gave me the confidence to pursue building something of my own. Fast forward a year ‚Äì I‚Äôm now building Cluely , one of the fastest-growing AI startups in the world. If I hadn‚Äôt taken the time to send that cold email, none of this would‚Äôve happened. Take this as a reminder: rejection isn‚Äôt real, and you should always go after the things you want.",2m,4357,131,0,https://www.linkedin.com/in/roy-lee-goat?miniProfileUrn=urn%3Ali%3Afsd_profile%3AACoAAFdZSTQB7UqPnQv0aRN1T6Rg0w2FIav1FYo
"Announcing Cluely 's $15M fundraise, led by Andreessen Horowitz . I started this company three months ago with my best friend Neel Shanmugam and my roommate Alex Chen . Since then, we've done over a billion impressions across social media and generated millions of dollars in revenue. Cluely started as a tool to cheat on technical interviews. I used it to get offers at top tech companies, like Amazon, Meta, Tiktok, and Capital One. After posting about it publicly to market the tool, I got blacklisted from big tech and kicked out of Columbia University. But I immediately realized that the technology we built wasn't just a great tool for cheating on technical interviews; it's likely the future of how humans will interact with AI. Today, people are using Cluely in sales calls, meetings, recruiting, and so much more. The potential for AI is limited because it's stuck behind a chatbot. We're just getting started. If you're excited about the potential of AI beyond the limits of a textbox, and in our unique ability to consistently go hyper viral, check us out. We're hiring: www.cluely.com/careers .",2m,4377,225,0,https://www.linkedin.com/in/roy-lee-goat?miniProfileUrn=urn%3Ali%3Afsd_profile%3AACoAAFdZSTQB7UqPnQv0aRN1T6Rg0w2FIav1FYo
"Cluely just threw the most legendary party that never happened. We spent $20,000. Over 2,000 people showed up within 16 minutes. And then... the whole thing got shut down. Every single unit of SFPD (and even the National Guard) came to tell people to leave. If there‚Äôs anything to take away from this, you should just know that Cluely‚Äôs aura makes anything go viral‚Ä¶ P.S. The drinks will be waiting for next time. https://lnkd.in/gHi7tY9f",2m,914,48,0,https://www.linkedin.com/in/roy-lee-goat?miniProfileUrn=urn%3Ali%3Afsd_profile%3AACoAAFdZSTQB7UqPnQv0aRN1T6Rg0w2FIav1FYo
"Excited to come out of stealth and announce stratify (YC X25) to the world ( Y Combinator ). Stratify leverages AI to autonomously recruit hundreds of users, conduct customer interviews, and analyze results in hours‚Äînot weeks. No more expensive focus groups, unresponsive surveys, or thousands of manual Zoom interviews. The future of user research is here: trystratify.com Reach out to founders@trystratify.com to speak with Pratham Hombal and I.",3m,357,87,0,https://www.linkedin.com/in/roy-lee-goat?miniProfileUrn=urn%3Ali%3Afsd_profile%3AACoAAFdZSTQB7UqPnQv0aRN1T6Rg0w2FIav1FYo
Excited to introduce the Cluely marketing team.,2m,2788,191,0,https://www.linkedin.com/in/roy-lee-goat?miniProfileUrn=urn%3Ali%3Afsd_profile%3AACoAAFdZSTQB7UqPnQv0aRN1T6Rg0w2FIav1FYo
Cluely is throwing the biggest YC Startup School afterparty. Mon Jun 16 10PM. Invite only. Dm me for a link.,2m,631,61,0,https://www.linkedin.com/in/roy-lee-goat?miniProfileUrn=urn%3Ali%3Afsd_profile%3AACoAAFdZSTQB7UqPnQv0aRN1T6Rg0w2FIav1FYo
"I‚Äôm building the future of AI with Cluely. In <2 months since our launch, we‚Äôve scaled to over $5M ARR. If you‚Äôre scared of AI replacing your job, here are two things I recommend: 1) Take more risks. I don‚Äôt know what the world is going to look like in 5 years. Nobody does. But I do know that AI is quickly giving everyone access to the same tools, code, and creative shortcuts. This means that you if you want to set yourself apart, you need to be willing to take risks. Every single piece of success I‚Äôve had over the past few months has come from trusting my gut when everyone else told me not to. 2) Learn how to go viral. AI makes it easier than ever to replicate products. What‚Äôs hard now is getting attention. That‚Äôs what people mean when they say ‚Äúdistribution is the last moat‚Äù. When we were brainstorming our first product (Interview Coder), we thought about what kind of product would go viral ‚Äì and worked backwards. This strategy worked extremely well, and helped us break over $3M in ARR after getting hundreds of millions of views on social media. If you can learn to take massive risks and get the right people to see it, I genuinely believe the AI era will become the most rewarding time for you to be alive. P.S. If you want to see what the future of AI looks like, go here: https://cluely.com/",2m,323,15,0,https://www.linkedin.com/in/roy-lee-goat?miniProfileUrn=urn%3Ali%3Afsd_profile%3AACoAAFdZSTQB7UqPnQv0aRN1T6Rg0w2FIav1FYo
"I asked over 40 strangers to start a company with me before I met my co-founder‚Ä¶ Here‚Äôs the story of how I met Neel: When I first transferred to Columbia (Fall 2024) I went up to every single person that I thought looked smart and asked them if they wanted to be my co-founder. I got tons of weird looks, ‚Äúno‚Äôs‚Äù, and people telling me they weren‚Äôt interested. Neel was one of them. It was only after meeting again at a party that we started working together on small side projects (notetaking app, AI agent for liquor distributors etc) and realized we worked surprisingly well together. Eventually, we both decided that working a corporate job wasn‚Äôt for us and went all-in on startups. We launched Interview Coder (AI for cheating on technical interviews), farmed a ton of big-tech offers to go viral, and hit $1M ARR in 36 days. After that, we decided to build something much bigger. That‚Äôs when Cluely was born ‚Äì an undetectable desktop assistant that feeds you answers in real time. It‚Äôs been under 2 months, and we already broke $5M in revenue and are on pace to become the fastest company to ever hit $100M ARR. Shoutout Neel ü´° P.S. I partly made this post because he‚Äôs desperately single. If you‚Äôre interested, Neel‚Äôs DMs are open‚Ä¶",2m,2954,108,0,https://www.linkedin.com/in/roy-lee-goat?miniProfileUrn=urn%3Ali%3Afsd_profile%3AACoAAFdZSTQB7UqPnQv0aRN1T6Rg0w2FIav1FYo
"Earlier this year, I got kicked out of Columbia University , blacklisted at Amazon , and was questioning everything‚Ä¶ For about a month. When I launched Interview Coder (AI for cheating on technical interviews), I live-recorded using it to pass my Amazon interviews, hoping it would go viral. It didn‚Äôt. The video flopped, Amazon rescinded my offer, and they contacted Columbia asking them to kick me out (which they eventually did). At this point, everyone in my life (including my co-founder) was telling me it wasn‚Äôt worth it to continue. This was probably the most stressful month of my life. I had no idea if things were going to work out, but I decided to listen to a voice in my head that was telling me to keep going. Soon after, Interview Coder went mega viral when I posted Columbia‚Äôs disciplinary notice online. We got millions of views on social media, broke 1M in revenue, and were later able to use the virality to springboard the launch of Cluely , our biggest bet in AI. Our vision is to create the ultimate desktop assistant, allowing you to directly integrate AI into sales meetings, video calls, and more. Since launching less than 2 months ago, we‚Äôve gotten over 70,000 active users and hit $5M ARR. If there‚Äôs something I learned, it‚Äôs that you need to really swing big if you want a big result. Cutting off all my other opportunities (college, big-tech, etc) was the biggest risk I‚Äôd taken at the time, and I‚Äôm more glad than ever that I went all in. P.S. If you want to see the product that I‚Äôve bet my life on, try it free here: https://cluely.com/",2m,347,27,0,https://www.linkedin.com/in/roy-lee-goat?miniProfileUrn=urn%3Ali%3Afsd_profile%3AACoAAFdZSTQB7UqPnQv0aRN1T6Rg0w2FIav1FYo
i approved this,2m,315,15,0,https://www.linkedin.com/in/roy-lee-goat?miniProfileUrn=urn%3Ali%3Afsd_profile%3AACoAAFdZSTQB7UqPnQv0aRN1T6Rg0w2FIav1FYo
"First round engineering interviews at Cluely are always extreme culture-fit rounds held directly by me. I ask a bunch of rapid-fire questions and the only intent is to judge if you'd fit in here with us. I try my best to keep our culture extremely unique. We only hire influencers and top-tier engineers, and most of us do not have college degrees.",2m,436,50,0,https://www.linkedin.com/in/roy-lee-goat?miniProfileUrn=urn%3Ali%3Afsd_profile%3AACoAAFdZSTQB7UqPnQv0aRN1T6Rg0w2FIav1FYo
"I've gone through >2,000 applications trying to hire for Cluely 's $200/hr software engineering internship (Summer/Fall). I've sent 11 invitations to interview. Here's what I think: - Most people have extremely poorly formatted resumes. If you're not using a common resume template, start. They're popular for a reason. - If your education is not eye-catching and your experience is not eye-catching, your Github better be eye-catching. This is the one thing that can separate a bad applicant from a good one and is the sole reason for over half of the invites I've sent. >99% of applicants have a completely horrible Github that is just unhireable. - Amazon hires a ton of people. The vast majority of you have zero proof anywhere on the internet that you enjoy programming or are able to program at all. hashtag # swe hashtag # softwareengineering hashtag # internship hashtag # summerinternships",2m,1243,145,0,https://www.linkedin.com/in/roy-lee-goat?miniProfileUrn=urn%3Ali%3Afsd_profile%3AACoAAFdZSTQB7UqPnQv0aRN1T6Rg0w2FIav1FYo
"Cluely is hiring software engineer interns for $200/hr. This is likely the highest paid internship in the world. Our vision is to create the ultimate desktop assistant that goes beyond chat, proactively predicting intent and surfacing information before you need it. We aim to make Cluely the default way people reach for AI help. This will involve difficult technical challenges. Some examples of problems we have solved or are working on right now at Cluely include: - Sub 100ms response times - Multimodal context compression/stitching - Solving proactive responses We are assembling an engineering team to match the caliber of our growth and marketing organizations, and to service the growth we are experiencing. We work out of a sunny office, offer free housing, food, and transportation. We are in-person and work hard six days a week. If you‚Äôre interested in pioneering the cutting edge of human-computer interaction, we would love to chat. If you think you're one of the best programmers of our generation, please apply! We also offer a $10,000 referral bonus for engineering interns. www.cluely.com/careers",3m,2047,131,0,https://www.linkedin.com/in/roy-lee-goat?miniProfileUrn=urn%3Ali%3Afsd_profile%3AACoAAFdZSTQB7UqPnQv0aRN1T6Rg0w2FIav1FYo
ü•±ts this linkedin shit easy,3m,459,29,0,https://www.linkedin.com/in/roy-lee-goat?miniProfileUrn=urn%3Ali%3Afsd_profile%3AACoAAFdZSTQB7UqPnQv0aRN1T6Rg0w2FIav1FYo
thanks for another post Business Insider . you can say my name next time üòíüòí,3m,199,18,0,https://www.linkedin.com/in/roy-lee-goat?miniProfileUrn=urn%3Ali%3Afsd_profile%3AACoAAFdZSTQB7UqPnQv0aRN1T6Rg0w2FIav1FYo
"Cluely is gonna be the fastest company to $100M ARR in history. We keep our revenue graph public so all employees can see what we're working for. Check out cluely .com/careers if you're interested in joining. ps there's a $25,000 referral bonus for founding engineers if we end up hiring someone you send our way.",3m,1078,45,0,https://www.linkedin.com/in/roy-lee-goat?miniProfileUrn=urn%3Ali%3Afsd_profile%3AACoAAFdZSTQB7UqPnQv0aRN1T6Rg0w2FIav1FYo
this is actually a useful product. used this during my zfellows batch; might genuinely be the future of photo sharing.,3m,110,4,0,https://www.linkedin.com/in/roy-lee-goat?miniProfileUrn=urn%3Ali%3Afsd_profile%3AACoAAFdZSTQB7UqPnQv0aRN1T6Rg0w2FIav1FYo
"finally an interview where i don't look fat. * hasn't been 5 months, we launched <1 month ago, and we haven't quite closed in on 5 mil arr yet. https://lnkd.in/g7sJn5_C",3m,491,24,0,https://www.linkedin.com/in/roy-lee-goat?miniProfileUrn=urn%3Ali%3Afsd_profile%3AACoAAFdZSTQB7UqPnQv0aRN1T6Rg0w2FIav1FYo
"introducing Cluely , the cheat on everything company. but our vision is a lot bigger than just cheating. we're trying to change the way humans think. it starts with asking: `what is the ultimate AI?` it should see what you see. hear what you hear. know everything you know, and give you answers before you even know you have a question. this is what we're building. an intelligence layer that lives with you. not a website you open. a presence you depend on. AI has already achieved superhuman capabilities, but we've trapped it behind a chatbot, stripped of context, and neutered by UI. Cluely will start with small things: homework, meetings, sales calls. a single shortcut response that makes you think `hey, that's pretty cool.` but soon, Cluely will be with you in every moment of your digital life. you‚Äôll use it to write better. to decide better. to think better. to live better. Cluely is a new interface for cognition itself. This is the turning point of thought. check out our new website: www.cluely.com hashtag # ai hashtag # software hashtag # artificialintelligence hashtag # cognition hashtag # singularity hashtag # technology hashtag # futurism hashtag # startups hashtag # marketing hashtag # socialmedia hashtag # enterpreneurship",3m,949,59,0,https://www.linkedin.com/in/roy-lee-goat?miniProfileUrn=urn%3Ali%3Afsd_profile%3AACoAAFdZSTQB7UqPnQv0aRN1T6Rg0w2FIav1FYo
True. Humans have always felt uncomfortable with the rate at which technology grows. Call it cheating today ‚Äî it'll be normal tomorrow.,3m,142,14,0,https://www.linkedin.com/in/roy-lee-goat?miniProfileUrn=urn%3Ali%3Afsd_profile%3AACoAAFdZSTQB7UqPnQv0aRN1T6Rg0w2FIav1FYo
"Cluely finally has a Crunchbase site now and it looks sick asf. Very cool to see how the project I developed in my dorm ( Interview Coder ) has grown to such a massive scale in a few short months. I think that the only difference from the me a year ago and the me today is that I have much more confidence in myself, and am much more willing to take bigger risks. If you're a student reading this and you've ever thought about doing startups, my singular piece of advice to you is to TAKE MORE RISKS. The world as we know it is changing on every single level. There is truly no better time to try something new and risky for yourself. The payoff is extremely disproportionate, and there is no summer internship that is more fun and exciting than building a company with your best friends. It is the best time in history to take risks.",3m,1075,39,0,https://www.linkedin.com/in/roy-lee-goat?miniProfileUrn=urn%3Ali%3Afsd_profile%3AACoAAFdZSTQB7UqPnQv0aRN1T6Rg0w2FIav1FYo
"I've gone through over a thousand applications for a founding designer, and I've seen maybe 10 portfolios that were worth taking a second look at. I will pay $200k + equity for a world-class designer to drop everything, and work for Cluely . We hope to be the fastest company to $100M ARR in history and are making the boldest bets out there. We will pay you extremely well to do good work, and your work will get seen by hundreds of thousands of people. If you're interested, drop the link to your portfolio; we can move extremely quick. If you know a relevant friend who might be interested, tag them in the comments. We just wrapped up a new design for the landing page, so the screenshot you see below is the bar. If you can do better than this, please apply. hashtag # job hashtag # newgrad hashtag # tech hashtag # internship hashtag # graphicdesign hashtag # uiux hashtag # designer",3m,1291,208,0,https://www.linkedin.com/in/roy-lee-goat?miniProfileUrn=urn%3Ali%3Afsd_profile%3AACoAAFdZSTQB7UqPnQv0aRN1T6Rg0w2FIav1FYo
"CS JOB MARKET is very difficult. if you are a new grad or masters student know the gap between school and the real world is exacerbating especially¬†in a world of AI agents, MCPs and model training. so today we launch an all-new Headstarter. whether you're a CS freshman or have 10 years of experience this revamp is designed to meet you where you are and take you further. check us out: https://www.headstarter.co . so here goes. let's go! hashtag # softwareEngineering hashtag # cs hashtag # advice hashtag # projects hashtag # computerScience",3m,1502,546,0,https://www.linkedin.com/in/roy-lee-goat?miniProfileUrn=urn%3Ali%3Afsd_profile%3AACoAAFdZSTQB7UqPnQv0aRN1T6Rg0w2FIav1FYo
"I'm hiring 50 growth interns for Cluely . $50/hr. San Francisco. Full-time. [ www.cluely.com/careers ]. This will be the most competitive summer you've ever had. Every single day, you'll be surrounded by the best of your generation and expected to perform at the highest level. If you underperform, you will be fired and replaced immediately. There will be no breathing room and no time for mistakes. You'll spend the summer in a house with 50 high school/college students with the most impressive backgrounds in the country, and every day your output will be measured, compared, and publicized. At bare minimum, you'll be required to make 4 Tiktoks a day. If you can't put your face behind a camera and talk, don't apply. If you can't send 200 custom LinkedIn connection requests for a chance at a sales call, don't apply. If you don't think you can learn how to program and ship production-level code in 3 months, don't apply. If there was even a single moment in reading this job description where you cringed or thought that this culture might be too competitive or too toxic for you, don't apply. We're looking for killers, and we are offering hugely competitive rates after recruiting has already ended. Apply at cluely.com/careers and send us an email at hello@cluely.com explaining what you're good at AND proof if you got this far (your application will get prioritized). hashtag # internship hashtag # newgrad hashtag # summerinternship hashtag # swe hashtag # programming hashtag # growth hashtag # startups hashtag # earlystage hashtag # venturecapital hashtag # siliconvalley hashtag # code",3m,2417,201,0,https://www.linkedin.com/in/roy-lee-goat?miniProfileUrn=urn%3Ali%3Afsd_profile%3AACoAAFdZSTQB7UqPnQv0aRN1T6Rg0w2FIav1FYo
"People are literally building companies to try and shut down Cluely LOL. You might think we're upset, but this is absolutely thrilling. There could be no better sign that we're actually disrupting things and forcing change. Give us a try and drown us in criticism; we're only getting better. https://lnkd.in/gNGGUnhX",3m,1499,69,0,https://www.linkedin.com/in/roy-lee-goat?miniProfileUrn=urn%3Ali%3Afsd_profile%3AACoAAFdZSTQB7UqPnQv0aRN1T6Rg0w2FIav1FYo
This is a fair post by Business Insider about Cluely 's initial limitations post-launch. The launch video went way more viral than we expected and usage tanked our servers. We just pushed load balancing + image compression and internal tests suggest an entire 3x improvement in response times since launch. We are shipping massive improvements every other hour and the entire team is working ourselves to death to make this product great. Much more about it coming soon. https://lnkd.in/eSc3uwRu,4m,239,24,0,https://www.linkedin.com/in/roy-lee-goat?miniProfileUrn=urn%3Ali%3Afsd_profile%3AACoAAFdZSTQB7UqPnQv0aRN1T6Rg0w2FIav1FYo
Icon is such a cool company. unreal.,4m,114,18,0,https://www.linkedin.com/in/roy-lee-goat?miniProfileUrn=urn%3Ali%3Afsd_profile%3AACoAAFdZSTQB7UqPnQv0aRN1T6Rg0w2FIav1FYo
"Announcing Cluely 's $5.3 million pre-seed round, co-led by Abstract and Susa Ventures . AI is about to change everything ‚Äî not someday, but now. At Cluely, we‚Äôre building a world where you never have to think alone. An AI that‚Äôs always on. Watching your screen. Hearing your audio. Helping you communicate better, solve faster, and win more often. The world will call it cheating. But every major leap, from the calculator to the internet, looked like that at first. We believe AI is not a threat to human potential: it‚Äôs the greatest amplifier we‚Äôve ever seen. This is the future we‚Äôre building. And we‚Äôre just getting started. ‚Üí [ https://lnkd.in/gnHY_kQA ]",4m,2723,168,0,https://www.linkedin.com/in/roy-lee-goat?miniProfileUrn=urn%3Ali%3Afsd_profile%3AACoAAFdZSTQB7UqPnQv0aRN1T6Rg0w2FIav1FYo
"i got kicked out of Columbia for building Interview Coder , AI to cheat on coding interviews. now i raised $5.3 million to build Cluely , a cheating tool for literally everything. a completely undetectable AI that sees your screen, hears your audio, and gives you real-time assistance in any situation. interviews, assignments, tests, sales calls, meetings ‚Äî everything. and tbh, i don't think this is cheating. every single time technology has made people smarter, the world panics. then it adapts. then it forgets. and suddenly, it's normal. but this is different. humanity is at an inflection point. AI will transform the entire world, and it will be more disruptive than anything we've ever seen. Cluely is the bridge to a world where humans don't compete with machines ‚Äî we grow with them.",4m,6691,411,0,https://www.linkedin.com/in/roy-lee-goat?miniProfileUrn=urn%3Ali%3Afsd_profile%3AACoAAFdZSTQB7UqPnQv0aRN1T6Rg0w2FIav1FYo
"Cluely launches in <24 hours. We're changing the definition of the word `cheating.` Interview Coder broke every technical recruiting pipeline in the world. But what AI enables isn't just a transformation of technical interviews. It will redefine how our world works, upend every social structure, rewrite the rules of morality. Cluely is the most ambitious project of my life. If we can accomplish what we set out to, we will change the course of human history. 4/20/25 2PM PST",4m,2017,105,0,https://www.linkedin.com/in/roy-lee-goat?miniProfileUrn=urn%3Ali%3Afsd_profile%3AACoAAFdZSTQB7UqPnQv0aRN1T6Rg0w2FIav1FYo
"Cluely is the last project I will ever work on. Building Interview Coder was one of the most stressful and fulfilling experiences of my life. After I launched, there was a period of about 4 weeks where both Columbia and Amazon were upset with me, and I thought I'd blown up my entire career + education for nothing. After it went viral, I learned one very simple truth: you need to swing big to win. Cluely is the most ambitious version of Interview Coder , and will redefine the way that humans experience AI. Launching 4/20 at 2PM EST.",4m,1407,54,0,https://www.linkedin.com/in/roy-lee-goat?miniProfileUrn=urn%3Ali%3Afsd_profile%3AACoAAFdZSTQB7UqPnQv0aRN1T6Rg0w2FIav1FYo
"I scaled Interview Coder to $3M in annual recurring revenue in <3 months by going viral‚Äîrecording myself passing an Amazon interview using the tool and getting kicked out of Columbia for it. Here are my thoughts on growth and marketing as an early-stage consumer startup: My core thesis is that the only thing that works at this stage is ORGANIC VIRALITY. You simply don't have the capital or recognition to get attention any other way. Nobody's watching your podcast, nobody's reading your newsletter, nobody's reading your lameass tweets (yes, YOUR lameass tweets), and you can't afford ads. The only thing that matters is top-of-funnel, so you MUST do something that goes viral. There seem to be only 2 ingredients to this: 1) Viral sense. If you don't have it, it will be hard to go viral. You need to scroll. If you're under 25 and spend a few hours a day online, you probably have it. If you're older or less chronically online, you probably don't. 2) Post quantity. You just need to post enough. If you have viral sense and are posting consistently, you will make it. Everyone says distribution is the last moat, but if you truly internalized this, you'd be posting. A better top-of-funnel is more profitable than the most highly converting, beautiful landing page in the world. In my case, I knew that by recording myself using Interview Coder to pass an Amazon interview and sharing the controversy of getting kicked out of Columbia, the story would spread. I blew up my entire career and education to force this to work and it paid off in a big way. And in all honesty, I don't think there is a universe where this story didn't blow up. At the early stage, especially as a younger founder, you should be more confident in your ability to market virally than in your product being the next Airbnb or Uber. Build with virality in mind, trust your instincts, and TAKE MORE RISKS.",4m,1559,87,0,https://www.linkedin.com/in/roy-lee-goat?miniProfileUrn=urn%3Ali%3Afsd_profile%3AACoAAFdZSTQB7UqPnQv0aRN1T6Rg0w2FIav1FYo
We just shipped the BIGGEST UPDATE to Interview Coder in history. New features: Click-through overlay: No more mouse-off-screen tracking. No other software has this. Problem analysis: Auto-generates clarifying questions + edge case breakdowns. Dry test runs: Code walkthroughs in comments to prove your solution works. It's insane how slow big tech is to move. This software is still unpatched and completely undetectable. Try it for yourself: www.interviewcoder.co hashtag # chatgpt hashtag # ai hashtag # swe hashtag # technicalrecruiting,4m,4790,253,0,https://www.linkedin.com/in/roy-lee-goat?miniProfileUrn=urn%3Ali%3Afsd_profile%3AACoAAFdZSTQB7UqPnQv0aRN1T6Rg0w2FIav1FYo
mom im on fireship!,5m,2324,74,0,https://www.linkedin.com/in/roy-lee-goat?miniProfileUrn=urn%3Ali%3Afsd_profile%3AACoAAFdZSTQB7UqPnQv0aRN1T6Rg0w2FIav1FYo
"I just got kicked out of Columbia for taking a stand against Leetcode interviews. Here‚Äôs the whole story: In Fall 2024, I transferred into Columbia as a CS major. I came in knowing I wanted to start a company and immediately found a great co-founder in Neel Shanmugam A few early projects didn‚Äôt go anywhere. After a while, we realized something important: We didn‚Äôt need a better product. We needed distribution. So we flipped the usual startup model on its head and decided to just build something we knew would go viral first, focusing on distribution before anything. That's how we came up with Interview Coder ‚Äî an invisible application that helps you pass Leetcode interviews The plan was to use it ourselves, get offers from top companies, film everything, and ride the shock factor. We built the MVP in 10 days and launched it free + open source on LinkedIn. It got a few views, but it didn‚Äôt go hyper viral. Still, we had a gut feeling this idea had legs. So we used the whole recruiting season to polish it. Eventually, I got offers from Meta, TikTok, and Capital One. We launched on LinkedIn again, this time with actual results ‚Äî and the response was bigger. I went too far when I posted all the offers as job experience. That got my old account banned from LinkedIn‚Äî and from many subreddits we were relying on for growth. But by that point, I had what I needed. We recorded the entire Amazon process ‚Äî every step of me using InterviewCoder from OA to final offer. The UX was clean. The results were real. I posted the video. It started to blow up. Then Columbia sent me a disciplinary notice. Apparently, an Amazon executive had sent the school a letter saying something to the effect of: ‚ÄúExpel this kid or we won‚Äôt hire from your school again.‚Äù I was told not to share the letter, but at that point, I had two choices: ‚Üí Stay quiet and get buried (Columbia would surely have sided with Amazon to kick me out) ‚Üí Or go public and fight I leaked the letter, and it went super viral on X. That single moment probably protected me more than anything else. At the hearing, Columbia forced me into a weird admission that the tool could be used to help students cheat in a Columbia CS class. (It can‚Äôt.) and put me on academic probation, scheduling another hearing for leaking all the documents. A week and a half later, and I'm completely kicked out from school. LOL! It's funny now and an amazing story in hindsight, but the truth is I was tweaking bad throughout this entire process. Taking this much risk tested my mental strength to its absolute limit, but I'm super glad I did it. Interview Coder still works, and we just pushed the biggest update to it ever for maximal undetectability. More soon.",5m,67092,3,0,https://www.linkedin.com/in/roy-lee-goat?miniProfileUrn=urn%3Ali%3Afsd_profile%3AACoAAFdZSTQB7UqPnQv0aRN1T6Rg0w2FIav1FYo
"Eliam got the ball rolling on a lot of stuff for me and Neel. Big dreams start with a first believer. If you‚Äôre working on side projects and have even the tiniest bit of delusion/fear that consulting or IB might not be the future for you, I‚Äôd highly recommend talking to Eliam. Interview Coder started out as a fun side project and Eliam was one of the first people to pounce on it (and us) and encourage us to take it somewhere. The smallest ideas can lead to the biggest companies. Would recommend a conversation if you‚Äôre at Columbia and tinkering.",5m,128,4,0,https://www.linkedin.com/in/roy-lee-goat?miniProfileUrn=urn%3Ali%3Afsd_profile%3AACoAAFdZSTQB7UqPnQv0aRN1T6Rg0w2FIav1FYo
"Absolutely thrilled to share that my summer internship offers from Meta , Amazon , and Capital One have been rescinded! To do what I did (minus getting rescinded), head over to www.interviewcoder.co . hashtag # swe hashtag # summerinternship hashtag # rejection hashtag # redirection",5m,2067,74,0,https://www.linkedin.com/in/roy-lee-goat?miniProfileUrn=urn%3Ali%3Afsd_profile%3AACoAAFdZSTQB7UqPnQv0aRN1T6Rg0w2FIav1FYo
Locking up 15 of Columbia's best founders in a cabin and forcing them to compete to make money. www.cuhackshack.com 2/28-3/2 Stay tuned.,6m,84,3,0,https://www.linkedin.com/in/roy-lee-goat?miniProfileUrn=urn%3Ali%3Afsd_profile%3AACoAAFdZSTQB7UqPnQv0aRN1T6Rg0w2FIav1FYo
GG,6m,52,3,0,https://www.linkedin.com/in/roy-lee-goat?miniProfileUrn=urn%3Ali%3Afsd_profile%3AACoAAFdZSTQB7UqPnQv0aRN1T6Rg0w2FIav1FYo
I used to have a Youtube account where I posted tutorial videos of how to do Leetcode questions literally called MrLeeCode LOLOLOL. It's hilarious how much of my life I wasted on this. Now I'm going to post tutorials on how to pass big tech interviews in your sleep! www.interviewcoder.co hashtag # ChatGPT hashtag # TechnicalInterviews hashtag # Recruiting hashtag # SoftwareEngineering hashtag # SWE hashtag # Leetcode,6m,71,4,0,https://www.linkedin.com/in/roy-lee-goat?miniProfileUrn=urn%3Ali%3Afsd_profile%3AACoAAFdZSTQB7UqPnQv0aRN1T6Rg0w2FIav1FYo
Why does everyone think my offers are fake? You can do it extremely easily as well! Crack Big Tech interviews in your sleep: www.interviewcoder.co,6m,79,1,0,https://www.linkedin.com/in/roy-lee-goat?miniProfileUrn=urn%3Ali%3Afsd_profile%3AACoAAFdZSTQB7UqPnQv0aRN1T6Rg0w2FIav1FYo
Here's full footage of how I used an AI took to ace my final round technical interview with Amazon! Help me take down Leetcode: www.interviewcoder.co hashtag # chatgpt hashtag # technicalinterviews hashtag # recruiting hashtag # swe,6m,44,7,0,https://www.linkedin.com/in/roy-lee-goat?miniProfileUrn=urn%3Ali%3Afsd_profile%3AACoAAFdZSTQB7UqPnQv0aRN1T6Rg0w2FIav1FYo
